"term","estimate","std.error","statistic","p.value"
"(Intercept)",3.79757071665002,0.0673865433452511,56.3550306652974,3.48241267487435e-88
"DISPLAY",0.859906774588441,0.12020176894809,7.15386122944496,7.23904327307509e-11
"COUPON",1.75975665799218,0.178288035403809,9.87030147035085,3.49984906301287e-17
"DISPLAYCOUPON",2.14924684199196,0.226379817278614,9.49398611514381,2.76377580865005e-16
